Workbook

Sheet Read Me
A1: The Road to Jerusalem - Game Design Balance Sheet
A3: What this is
A4: Every unit, class, skill and balance constant in the game, with the formulas the game uses written out as live Excel formulas.
A5: Change a number on the Constants sheet (or a unit's stats) and every derived column, matchup and stage summary updates.
A6: This is a sandbox - the game never reads this file. When you like a change, copy it into scripts/game_logic.py or the CSV it came from.
A8: Sheets
A9: Constants - every tuning number, what it does and where it lives in the code.
A10: Units - every character on every stage: their stats, plus preach strength, hit chances, resist, morale, speed and more.
A11: Classes - the sixteen survey classes, with the same derived numbers and role averages.
A12: Skills - every skill, what it does (with live numbers) and how many units and classes carry it.
A13: Matchup - pick any attacker and target: faith per preach, preaches to convert or break, physical and status odds.
A14: Stage Summary - faith pools and faith pressure per round, side against side, for every stage.
... A22: Rebuild from the game's current data: python tools/build_balance_sheet.py (overwrites this file)

Sheet Matchup
A1: Matchup calculator
A2: Pick an attacker and a target (yellow cells) - everything below updates.
A4: Attacker | B4: damascus - Paul
A5: Target | B5: damascus - Ananias
A6: Attacker height above target (tiles) | B6: 0 | C6: Negative = attacking uphill. Archers ignore the uphill penalty.
A9: Attacker team / class | B9: =INDEX(Units!$D$2:$D$108,MATCH($B$4,Units!$A$2:$A$108,0))&" / "&INDEX(Units!$E$2:$E$108,MATCH($B$4,Units!$A$2:$A$108,0)) -> Player / Missionary
A10: Target team / class | B10: =INDEX(Units!$D$2:$D$108,MATCH($B$5,Units!$A$2:$A$108,0))&" / "&INDEX(Units!$E$2:$E$108,MATCH($B$5,Units!$A$2:$A$108,0)) -> Enemy / Disciple
A11: Target faith | B11: =INDEX(Units!$O$2:$O$108,MATCH($B$5,Units!$A$2:$A$108,0)) -> 100 | C11: Starting faith from the stage's characters.csv.
A12: PREACH
A13: Preach strength | B13: =INDEX(Units!$W$2:$W$108,MATCH($B$4,Units!$A$2:$A$108,0)) -> 67.5 | C13: Faith moved by one landed Preach.
A14: Direction | B14: =IF(AND(INDEX(Units!$D$2:$D$108,MATCH($B$4,Units!$A$2:$A$108,0))<>"Player",INDEX(Units!$D$2:$D$108,MATCH($B$5,Units!$A$2:$A$108,0))="Player"),-1,1) -> 1 | C14: +1 raises faith (party preaching enemies, or healing); -1 shakes it (enemies preaching the party).
A15: Faith change per landed preach | B15: =B13*B14 -> 67.5
A16: Preach hit chance | B16: =INDEX(Units!$X$2:$X$108,MATCH($B$4,Units!$A$2:$A$108,0)) -> 0.75 | C16: From the attacker's Love.
A17: Expected faith change per attempt | B17: =B15*B16 -> 50.625 | C17: What a Preach is worth on average.
A18: Landed preaches to convert (enemy -> cap) | B18: =IF(B14>0,ROUNDUP((Constants!$C$2-B11)/B13,0),"-") -> 2 | C18: Ignores the 1% faith decay per turn and any Rally.
A19: Landed preaches to break (faith -> 0) | B19: =IF(B14<0,ROUNDUP(B11/B13,0),"-") -> - | C19: Party member: Despair. A convert: turns back.
A20: Expected attempts needed | B20: =IF(ISNUMBER(B18),B18/B16,IF(ISNUMBER(B19),B19/B16,"-")) -> 2.6666667 | C20: Landed preaches / hit chance.
A21: PHYSICAL (Slash / Shoot / Sling)
A22: Physical hit chance | B22: =MIN(Constants!$C$16,MAX(Constants!$C$15,Constants!$C$13+IF(INDEX(Units!$E$2:$E$108,MATCH($B$4,Units!$A$2:$A$108,0))="Archer",MAX(0,$B$6),$B$6)*Constants!$C$14+IF(OR(INDEX(Units!$E$2:$E$108,MATCH($B$4,Units!$A$2:$A$108,0))="Soldier",INDEX(Units!$E$2:$E$108,MATCH($B$4,Units!$A$2:$A$108,0))="Sergeant"),Constants!$C$18,0)-INDEX(Units!$T$2:$T$108,MATCH($B$5,Units!$A$2:$A$108,0))*Constants!$C$17-IF(INDEX(Units!$E$2:$E$108,MATCH($B$5,Units!$A$2:$A$108,0))="Shieldbearer",Constants!$C$19,0))) -> 0.81 | C22: Includes height, Soldier/Sergeant bonus, target Resist and Shieldbearer penalty. Not the Officer aura or a guard (a guard blocks outright).
A23: STATUS
A24: Target status resist | B24: =INDEX(Units!$AA$2:$AA$108,MATCH($B$5,Units!$A$2:$A$108,0)) -> 0.136 | C24: From the target's Patience.
A25: Fish net / Arrest / Peacemaker land chance | B25: =1-B24 -> 0.864
A26: Shove land chance | B26: =Constants!$C$25*(1-B24) -> 0.432 | C26: Shove's own chance, then the resist roll.
A27: Persecutes to arrest | B27: =IF(INDEX(Units!$D$2:$D$108,MATCH($B$5,Units!$A$2:$A$108,0))="Enemy",ROUNDUP(B11/Constants!$C$42,0),"-") -> 10 | C27: Damascus: Persecute never misses.

Sheet Units
A1: Key (stage - name) | B1: Stage | C1: Name | D1: Team | E1: Class | F1: Level | G1: Mount | H1: Skills | I1: Speed | J1: Move | K1: Jump | L1: MP | M1: Speech (magic_attack) | N1: Resist (magic_defense) | O1: Faith | P1: Bravery | Q1: Patience | R1: Love | S1: Eff. Speech at level | T1: Eff. Resist at level | U1: Eff. Speed at level | V1: Eff. Move (incl. mount) | W1: Preach strength (faith per hit) | X1: Preach hit % | Y1: Expected faith / preach | Z1: Physical hit % against them (flat) | AA1: Status resist % | AB1: Morale surge % / turn | AC1: Ticks per turn | AD1: Flee % / turn at half force lost | AE1: Persecutes to arrest
A2: =B2&" - "&C2 -> damascus - Paul | B2: damascus | C2: Paul | D2: Player | E2: Missionary | F2: 1 | G2: horse | H2: Persecute|Heal|Fish net | I2: 15 | J2: 4 | K2: 2 | L2: 100 | M2: 25 | N2: 6 | O2: 200 | P2: 24 | Q2: 3 | R2: 20 | S2: =M2+IFERROR(INDEX('Level Growth'!$C$4:$C$12,MATCH(E2,'Level Growth'!$A$4:$A$12,0)),'Level Growth'!$C$12)*(F2-1) -> 25 | T2: =N2+IFERROR(INDEX('Level Growth'!$D$4:$D$12,MATCH(E2,'Level Growth'!$A$4:$A$12,0)),'Level Growth'!$D$12)*(F2-1) -> 6 | U2: =I2+INT(F2/Constants!$C$52) -> 15 | V2: =J2+IF(G2="horse",Constants!$C$45,0) -> 7 | W2: =(O2+S2)*Constants!$C$3*IF(E2="Missionary",Constants!$C$4,1) -> 67.5 | X2: =MIN(Constants!$C$8,MAX(Constants!$C$7,Constants!$C$5+R2*Constants!$C$6)) -> 0.75 | Y2: =W2*X2 -> 50.625 | Z2: =MIN(Constants!$C$16,MAX(Constants!$C$15,Constants!$C$13-T2*Constants!$C$17-IF(E2="Shieldbearer",Constants!$C$19,0))) -> 0.838 | AA2: =MIN(Constants!$C$24,Q2*Constants!$C$23) -> 0.012 | AB2: =MIN(Constants!$C$36,Constants!$C$34+P2*Constants!$C$35) -> 0.146 | AC2: =Constants!$C$46/U2 -> 6.6666667 | AD2: =IF(LEFT(C2,11)="Legionnaire",Constants!$C$40*0.5*MAX(0,1-(P2+Q2)/Constants!$C$41),"-") -> - | AE2: =IF(D2="Enemy",ROUNDUP(O2/Constants!$C$42,0),"-") -> -
A3: =B3&" - "&C3 -> damascus - Temple Guard 1 | B3: damascus | C3: Temple Guard 1 | D3: Player | E3: Soldier | F3: 1 | G3: horse | H3: Persecute|Fish net|Shove | I3: 11 | J3: 3 | K3: 1 | L3: 0 | M3: 16 | N3: 22 | O3: 145 | P3: 26 | Q3: 18 | R3: 22 | S3: =M3+IFERROR(INDEX('Level Growth'!$C$4:$C$12,MATCH(E3,'Level Growth'!$A$4:$A$12,0)),'Level Growth'!$C$12)*(F3-1) -> 16 | T3: =N3+IFERROR(INDEX('Level Growth'!$D$4:$D$12,MATCH(E3,'Level Growth'!$A$4:$A$12,0)),'Level Growth'!$D$12)*(F3-1) -> 22 | U3: =I3+INT(F3/Constants!$C$52) -> 11 | V3: =J3+IF(G3="horse",Constants!$C$45,0) -> 6 | W3: =(O3+S3)*Constants!$C$3*IF(E3="Missionary",Constants!$C$4,1) -> 32.2 | X3: =MIN(Constants!$C$8,MAX(Constants!$C$7,Constants!$C$5+R3*Constants!$C$6)) -> 0.77 | Y3: =W3*X3 -> 24.794 | Z3: =MIN(Constants!$C$16,MAX(Constants!$C$15,Constants!$C$13-T3*Constants!$C$17-IF(E3="Shieldbearer",Constants!$C$19,0))) -> 0.806 | AA3: =MIN(Constants!$C$24,Q3*Constants!$C$23) -> 0.072 | AB3: =MIN(Constants!$C$36,Constants!$C$34+P3*Constants!$C$35) -> 0.154 | AC3: =Constants!$C$46/U3 -> 9.0909091 | AD3: =IF(LEFT(C3,11)="Legionnaire",Constants!$C$40*0.5*MAX(0,1-(P3+Q3)/Constants!$C$41),"-") -> - | AE3: =IF(D3="Enemy",ROUNDUP(O3/Constants!$C$42,0),"-") -> -
A4: =B4&" - "&C4 -> damascus - Temple Guard 2 | B4: damascus | C4: Temple Guard 2 | D4: Player | E4: Soldier | F4: 1 | G4: horse | H4: Persecute|Slash|Shove | I4: 11 | J4: 3 | K4: 1 | L4: 0 | M4: 18 | N4: 20 | O4: 140 | P4: 30 | Q4: 15 | R4: 20 | S4: =M4+IFERROR(INDEX('Level Growth'!$C$4:$C$12,MATCH(E4,'Level Growth'!$A$4:$A$12,0)),'Level Growth'!$C$12)*(F4-1) -> 18 | T4: =N4+IFERROR(INDEX('Level Growth'!$D$4:$D$12,MATCH(E4,'Level Growth'!$A$4:$A$12,0)),'Level Growth'!$D$12)*(F4-1) -> 20 | U4: =I4+INT(F4/Constants!$C$52) -> 11 | V4: =J4+IF(G4="horse",Constants!$C$45,0) -> 6 | W4: =(O4+S4)*Constants!$C$3*IF(E4="Missionary",Constants!$C$4,1) -> 31.6 | X4: =MIN(Constants!$C$8,MAX(Constants!$C$7,Constants!$C$5+R4*Constants!$C$6)) -> 0.75 | Y4: =W4*X4 -> 23.7 | Z4: =MIN(Constants!$C$16,MAX(Constants!$C$15,Constants!$C$13-T4*Constants!$C$17-IF(E4="Shieldbearer",Constants!$C$19,0))) -> 0.81 | AA4: =MIN(Constants!$C$24,Q4*Constants!$C$23) -> 0.06 | AB4: =MIN(Constants!$C$36,Constants!$C$34+P4*Constants!$C$35) -> 0.17 | AC4: =Constants!$C$46/U4 -> 9.0909091 | AD4: =IF(LEFT(C4,11)="Legionnaire",Constants!$C$40*0.5*MAX(0,1-(P4+Q4)/Constants!$C$41),"-") -> - | AE4: =IF(D4="Enemy",ROUNDUP(O4/Constants!$C$42,0),"-") -> -
A5: =B5&" - "&C5 -> damascus - Temple Guard 3 | B5: damascus | C5: Temple Guard 3 | D5: Player | E5: Soldier | F5: 1 | G5: horse | H5: Persecute|Fish net|Defend | I5: 11 | J5: 3 | K5: 1 | L5: 0 | M5: 15 | N5: 24 | O5: 150 | P5: 22 | Q5: 22 | R5: 24 | S5: =M5+IFERROR(INDEX('Level Growth'!$C$4:$C$12,MATCH(E5,'Level Growth'!$A$4:$A$12,0)),'Level Growth'!$C$12)*(F5-1) -> 15 | T5: =N5+IFERROR(INDEX('Level Growth'!$D$4:$D$12,MATCH(E5,'Level Growth'!$A$4:$A$12,0)),'Level Growth'!$D$12)*(F5-1) -> 24 | U5: =I5+INT(F5/Constants!$C$52) -> 11 | V5: =J5+IF(G5="horse",Constants!$C$45,0) -> 6 | W5: =(O5+S5)*Constants!$C$3*IF(E5="Missionary",Constants!$C$4,1) -> 33 | X5: =MIN(Constants!$C$8,MAX(Constants!$C$7,Constants!$C$5+R5*Constants!$C$6)) -> 0.79 | Y5: =W5*X5 -> 26.07 | Z5: =MIN(Constants!$C$16,MAX(Constants!$C$15,Constants!$C$13-T5*Constants!$C$17-IF(E5="Shieldbearer",Constants!$C$19,0))) -> 0.802 | AA5: =MIN(Constants!$C$24,Q5*Constants!$C$23) -> 0.088 | AB5: =MIN(Constants!$C$36,Constants!$C$34+P5*Constants!$C$35) -> 0.138 | AC5: =Constants!$C$46/U5 -> 9.0909091 | AD5: =IF(LEFT(C5,11)="Legionnaire",Constants!$C$40*0.5*MAX(0,1-(P5+Q5)/Constants!$C$41),"-") -> - | AE5: =IF(D5="Enemy",ROUNDUP(O5/Constants!$C$42,0),"-") -> -
A6: =B6&" - "&C6 -> damascus - Temple Guard 4 | B6: damascus | C6: Temple Guard 4 | D6: Player | E6: Soldier | F6: 1 | G6: horse | H6: Persecute|Slash|Fish net | I6: 11 | J6: 3 | K6: 1 | L6: 0 | M6: 17 | N6: 21 | O6: 142 | P6: 28 | Q6: 16 | R6: 21 | S6: =M6+IFERROR(INDEX('Level Growth'!$C$4:$C$12,MATCH(E6,'Level Growth'!$A$4:$A$12,0)),'Level Growth'!$C$12)*(F6-1) -> 17 | T6: =N6+IFERROR(INDEX('Level Growth'!$D$4:$D$12,MATCH(E6,'Level Growth'!$A$4:$A$12,0)),'Level Growth'!$D$12)*(F6-1) -> 21 | U6: =I6+INT(F6/Constants!$C$52) -> 11 | V6: =J6+IF(G6="horse",Constants!$C$45,0) -> 6 | W6: =(O6+S6)*Constants!$C$3*IF(E6="Missionary",Constants!$C$4,1) -> 31.8 | X6: =MIN(Constants!$C$8,MAX(Constants!$C$7,Constants!$C$5+R6*Constants!$C$6)) -> 0.76 | Y6: =W6*X6 -> 24.168 | Z6: =MIN(Constants!$C$16,MAX(Constants!$C$15,Constants!$C$13-T6*Constants!$C$17-IF(E6="Shieldbearer",Constants!$C$19,0))) -> 0.808 | AA6: =MIN(Constants!$C$24,Q6*Constants!$C$23) -> 0.064 | AB6: =MIN(Constants!$C$36,Constants!$C$34+P6*Constants!$C$35) -> 0.162 | AC6: =Constants!$C$46/U6 -> 9.0909091 | AD6: =IF(LEFT(C6,11)="Legionnaire",Constants!$C$40*0.5*MAX(0,1-(P6+Q6)/Constants!$C$41),"-") -> - | AE6: =IF(D6="Enemy",ROUNDUP(O6/Constants!$C$42,0),"-") -> -
A7: =B7&" - "&C7 -> damascus - Ananias | B7: damascus | C7: Ananias | D7: Enemy | E7: Disciple | F7: 1 | H7: Preach|Defend | I7: 11 | J7: 3 | K7: 1 | L7: 20 | M7: 18 | N7: 20 | O7: 100 | P7: 38 | Q7: 34 | R7: 30 | S7: =M7+IFERROR(INDEX('Level Growth'!$C$4:$C$12,MATCH(E7,'Level Growth'!$A$4:$A$12,0)),'Level Growth'!$C$12)*(F7-1) -> 18 | T7: =N7+IFERROR(INDEX('Level Growth'!$D$4:$D$12,MATCH(E7,'Level Growth'!$A$4:$A$12,0)),'Level Growth'!$D$12)*(F7-1) -> 20 | U7: =I7+INT(F7/Constants!$C$52) -> 11 | V7: =J7+IF(G7="horse",Constants!$C$45,0) -> 3 | W7: =(O7+S7)*Constants!$C$3*IF(E7="Missionary",Constants!$C$4,1) -> 23.6 | X7: =MIN(Constants!$C$8,MAX(Constants!$C$7,Constants!$C$5+R7*Constants!$C$6)) -> 0.85 | Y7: =W7*X7 -> 20.06 | Z7: =MIN(Constants!$C$16,MAX(Constants!$C$15,Constants!$C$13-T7*Constants!$C$17-IF(E7="Shieldbearer",Constants!$C$19,0))) -> 0.81 | AA7: =MIN(Constants!$C$24,Q7*Constants!$C$23) -> 0.136 | AB7: =MIN(Constants!$C$36,Constants!$C$34+P7*Constants!$C$35) -> 0.202 | AC7: =Constants!$C$46/U7 -> 9.0909091 | AD7: =IF(LEFT(C7,11)="Legionnaire",Constants!$C$40*0.5*MAX(0,1-(P7+Q7)/Constants!$C$41),"-") -> - | AE7: =IF(D7="Enemy",ROUNDUP(O7/Constants!$C$42,0),"-") -> 10
A8: =B8&" - "&C8 -> damascus - Prochorus | B8: damascus | C8: Prochorus | D8: Enemy | E8: Disciple | F8: 1 | H8: Preach|Defend | I8: 10 | J8: 3 | K8: 1 | L8: 0 | M8: 14 | N8: 24 | O8: 100 | P8: 34 | Q8: 30 | R8: 24 | S8: =M8+IFERROR(INDEX('Level Growth'!$C$4:$C$12,MATCH(E8,'Level Growth'!$A$4:$A$12,0)),'Level Growth'!$C$12)*(F8-1) -> 14 | T8: =N8+IFERROR(INDEX('Level Growth'!$D$4:$D$12,MATCH(E8,'Level Growth'!$A$4:$A$12,0)),'Level Growth'!$D$12)*(F8-1) -> 24 | U8: =I8+INT(F8/Constants!$C$52) -> 10 | V8: =J8+IF(G8="horse",Constants!$C$45,0) -> 3 | W8: =(O8+S8)*Constants!$C$3*IF(E8="Missionary",Constants!$C$4,1) -> 22.8 | X8: =MIN(Constants!$C$8,MAX(Constants!$C$7,Constants!$C$5+R8*Constants!$C$6)) -> 0.79 | Y8: =W8*X8 -> 18.012 | Z8: =MIN(Constants!$C$16,MAX(Constants!$C$15,Constants!$C$13-T8*Constants!$C$17-IF(E8="Shieldbearer",Constants!$C$19,0))) -> 0.802 | AA8: =MIN(Constants!$C$24,Q8*Constants!$C$23) -> 0.12 | AB8: =MIN(Constants!$C$36,Constants!$C$34+P8*Constants!$C$35) -> 0.186 | AC8: =Constants!$C$46/U8 -> 10 | AD8: =IF(LEFT(C8,11)="Legionnaire",Constants!$C$40*0.5*MAX(0,1-(P8+Q8)/Constants!$C$41),"-") -> - | AE8: =IF(D8="Enemy",ROUNDUP(O8/Constants!$C$42,0),"-") -> 10
A9: =B9&" - "&C9 -> damascus - Nicanor | B9: damascus | C9: Nicanor | D9: Enemy | E9: Disciple | F9: 1 | H9: Preach|Shove | I9: 12 | J9: 3 | K9: 1 | L9: 0 | M9: 13 | N9: 18 | O9: 100 | P9: 32 | Q9: 24 | R9: 18 | S9: =M9+IFERROR(INDEX('Level Growth'!$C$4:$C$12,MATCH(E9,'Level Growth'!$A$4:$A$12,0)),'Level Growth'!$C$12)*(F9-1) -> 13 | T9: =N9+IFERROR(INDEX('Level Growth'!$D$4:$D$12,MATCH(E9,'Level Growth'!$A$4:$A$12,0)),'Level Growth'!$D$12)*(F9-1) -> 18 | U9: =I9+INT(F9/Constants!$C$52) -> 12 | V9: =J9+IF(G9="horse",Constants!$C$45,0) -> 3 | W9: =(O9+S9)*Constants!$C$3*IF(E9="Missionary",Constants!$C$4,1) -> 22.6 | X9: =MIN(Constants!$C$8,MAX(Constants!$C$7,Constants!$C$5+R9*Constants!$C$6)) -> 0.73 | Y9: =W9*X9 -> 16.498 | Z9: =MIN(Constants!$C$16,MAX(Constants!$C$15,Constants!$C$13-T9*Constants!$C$17-IF(E9="Shieldbearer",Constants!$C$19,0))) -> 0.814 | AA9: =MIN(Constants!$C$24,Q9*Constants!$C$23) -> 0.096 | AB9: =MIN(Constants!$C$36,Constants!$C$34+P9*Constants!$C$35) -> 0.178 | AC9: =Constants!$C$46/U9 -> 8.3333333 | AD9: =IF(LEFT(C9,11)="Legionnaire",Constants!$C$40*0.5*MAX(0,1-(P9+Q9)/Constants!$C$41),"-") -> - | AE9: =IF(D9="Enemy",ROUNDUP(O9/Constants!$C$42,0),"-") -> 10
A10: =B10&" - "&C10 -> damascus - Timon | B10: damascus | C10: Timon | D10: Enemy | E10: Disciple | F10: 1 | H10: Preach|Shove | I10: 10 | J10: 3 | K10: 1 | L10: 20 | M10: 16 | N10: 20 | O10: 100 | P10: 30 | Q10: 36 | R10: 28 | S10: =M10+IFERROR(INDEX('Level Growth'!$C$4:$C$12,MATCH(E10,'Level Growth'!$A$4:$A$12,0)),'Level Growth'!$C$12)*(F10-1) -> 16 | T10: =N10+IFERROR(INDEX('Level Growth'!$D$4:$D$12,MATCH(E10,'Level Growth'!$A$4:$A$12,0)),'Level Growth'!$D$12)*(F10-1) -> 20 | U10: =I10+INT(F10/Constants!$C$52) -> 10 | V10: =J10+IF(G10="horse",Constants!$C$45,0) -> 3 | W10: =(O10+S10)*Constants!$C$3*IF(E10="Missionary",Constants!$C$4,1) -> 23.2 | X10: =MIN(Constants!$C$8,MAX(Constants!$C$7,Constants!$C$5+R10*Constants!$C$6)) -> 0.83 | Y10: =W10*X10 -> 19.256 | Z10: =MIN(Constants!$C$16,MAX(Constants!$C$15,Constants!$C$13-T10*Constants!$C$17-IF(E10="Shieldbearer",Constants!$C$19,0))) -> 0.81 | AA10: =MIN(Constants!$C$24,Q10*Constants!$C$23) -> 0.144 | AB10: =MIN(Constants!$C$36,Constants!$C$34+P10*Constants!$C$35) -> 0.17 | AC10: =Constants!$C$46/U10 -> 10 | AD10: =IF(LEFT(C10,11)="Legionnaire",Constants!$C$40*0.5*MAX(0,1-(P10+Q10)/Constants!$C$41),"-") -> - | AE10: =IF(D10="Enemy",ROUNDUP(O10/Constants!$C$42,0),"-") -> 10
A11: =B11&" - "&C11 -> damascus - Parmenas | B11: damascus | C11: Parmenas | D11: Enemy | E11: Disciple | F11: 1 | H11: Preach|Fish net | I11: 11 | J11: 3 | K11: 1 | L11: 0 | M11: 12 | N11: 22 | O11: 100 | P11: 33 | Q11: 28 | R11: 22 | S11: =M11+IFERROR(INDEX('Level Growth'!$C$4:$C$12,MATCH(E11,'Level Growth'!$A$4:$A$12,0)),'Level Growth'!$C$12)*(F11-1) -> 12 | T11: =N11+IFERROR(INDEX('Level Growth'!$D$4:$D$12,MATCH(E11,'Level Growth'!$A$4:$A$12,0)),'Level Growth'!$D$12)*(F11-1) -> 22 | U11: =I11+INT(F11/Constants!$C$52) -> 11 | V11: =J11+IF(G11="horse",Constants!$C$45,0) -> 3 | W11: =(O11+S11)*Constants!$C$3*IF(E11="Missionary",Constants!$C$4,1) -> 22.4 | X11: =MIN(Constants!$C$8,MAX(Constants!$C$7,Constants!$C$5+R11*Constants!$C$6)) -> 0.77 | Y11: =W11*X11 -> 17.248 | Z11: =MIN(Constants!$C$16,MAX(Constants!$C$15,Constants!$C$13-T11*Constants!$C$17-IF(E11="Shieldbearer",Constants!$C$19,0))) -> 0.806 | AA11: =MIN(Constants!$C$24,Q11*Constants!$C$23) -> 0.112 | AB11: =MIN(Constants!$C$36,Constants!$C$34+P11*Constants!$C$35) -> 0.182 | AC11: =Constants!$C$46/U11 -> 9.0909091 | AD11: =IF(LEFT(C11,11)="Legionnaire",Constants!$C$40*0.5*MAX(0,1-(P11+Q11)/Constants!$C$41),"-") -> - | AE11: =IF(D11="Enemy",ROUNDUP(O11/Constants!$C$42,0),"-") -> 10
A12: =B12&" - "&C12 -> damascus - Nicolas | B12: damascus | C12: Nicolas | D12: Enemy | E12: Disciple | F12: 1 | H12: Preach|Defend | I12: 11 | J12: 3 | K12: 1 | L12: 0 | M12: 15 | N12: 23 | O12: 100 | P12: 36 | Q12: 32 | R12: 26 | S12: =M12+IFERROR(INDEX('Level Growth'!$C$4:$C$12,MATCH(E12,'Level Growth'!$A$4:$A$12,0)),'Level Growth'!$C$12)*(F12-1) -> 15 | T12: =N12+IFERROR(INDEX('Level Growth'!$D$4:$D$12,MATCH(E12,'Level Growth'!$A$4:$A$12,0)),'Level Growth'!$D$12)*(F12-1) -> 23 | U12: =I12+INT(F12/Constants!$C$52) -> 11 | V12: =J12+IF(G12="horse",Constants!$C$45,0) -> 3 | W12: =(O12+S12)*Constants!$C$3*IF(E12="Missionary",Constants!$C$4,1) -> 23 | X12: =MIN(Constants!$C$8,MAX(Constants!$C$7,Constants!$C$5+R12*Constants!$C$6)) -> 0.81 | Y12: =W12*X12 -> 18.63 | Z12: =MIN(Constants!$C$16,MAX(Constants!$C$15,Constants!$C$13-T12*Constants!$C$17-IF(E12="Shieldbearer",Constants!$C$19,0))) -> 0.804 | AA12: =MIN(Constants!$C$24,Q12*Constants!$C$23) -> 0.128 | AB12: =MIN(Constants!$C$36,Constants!$C$34+P12*Constants!$C$35) -> 0.194 | AC12: =Constants!$C$46/U12 -> 9.0909091 | AD12: =IF(LEFT(C12,11)="Legionnaire",Constants!$C$40*0.5*MAX(0,1-(P12+Q12)/Constants!$C$41),"-") -> - | AE12: =IF(D12="Enemy",ROUNDUP(O12/Constants!$C$42,0),"-") -> 10
A13: =B13&" - "&C13 -> jerusalem - Paul | B13: jerusalem | C13: Paul | D13: Player | E13: Missionary | F13: 1 | H13: Preach|Heal|Lead | I13: 15 | J13: 4 | K13: 2 | L13: 100 | M13: 25 | N13: 6 | O13: 129 | P13: 24 | Q13: 3 | R13: 20 | S13: =M13+IFERROR(INDEX('Level Growth'!$C$4:$C$12,MATCH(E13,'Level Growth'!$A$4:$A$12,0)),'Level Growth'!$C$12)*(F13-1) -> 25 | T13: =N13+IFERROR(INDEX('Level Growth'!$D$4:$D$12,MATCH(E13,'Level Growth'!$A$4:$A$12,0)),'Level Growth'!$D$12)*(F13-1) -> 6 | U13: =I13+INT(F13/Constants!$C$52) -> 15 | V13: =J13+IF(G13="horse",Constants!$C$45,0) -> 4 | W13: =(O13+S13)*Constants!$C$3*IF(E13="Missionary",Constants!$C$4,1) -> 46.2 | X13: =MIN(Constants!$C$8,MAX(Constants!$C$7,Constants!$C$5+R13*Constants!$C$6)) -> 0.75 | Y13: =W13*X13 -> 34.65 | Z13: =MIN(Constants!$C$16,MAX(Constants!$C$15,Constants!$C$13-T13*Constants!$C$17-IF(E13="Shieldbearer",Constants!$C$19,0))) -> 0.838 | AA13: =MIN(Constants!$C$24,Q13*Constants!$C$23) -> 0.012 | AB13: =MIN(Constants!$C$36,Constants!$C$34+P13*Constants!$C$35) -> 0.146 | AC13: =Constants!$C$46/U13 -> 6.6666667 | AD13: =IF(LEFT(C13,11)="Legionnaire",Constants!$C$40*0.5*MAX(0,1-(P13+Q13)/Constants!$C$41),"-") -> - | AE13: =IF(D13="Enemy",ROUNDUP(O13/Constants!$C$42,0),"-") -> -
A14: =B14&" - "&C14 -> jerusalem - Peter | B14: jerusalem | C14: Peter | D14: Player | E14: Apostle | F14: 1 | H14: Preach|First Aid|Fish net | I14: 12 | J14: 3 | K14: 1 | L14: 20 | M14: 10 | N14: 28 | O14: 122 | P14: 6 | Q14: 32 | R14: 25 | S14: =M14+IFERROR(INDEX('Level Growth'!$C$4:$C$12,MATCH(E14,'Level Growth'!$A$4:$A$12,0)),'Level Growth'!$C$12)*(F14-1) -> 10 | T14: =N14+IFERROR(INDEX('Level Growth'!$D$4:$D$12,MATCH(E14,'Level Growth'!$A$4:$A$12,0)),'Level Growth'!$D$12)*(F14-1) -> 28 | U14: =I14+INT(F14/Constants!$C$52) -> 12 | V14: =J14+IF(G14="horse",Constants!$C$45,0) -> 3 | W14: =(O14+S14)*Constants!$C$3*IF(E14="Missionary",Constants!$C$4,1) -> 26.4 | X14: =MIN(Constants!$C$8,MAX(Constants!$C$7,Constants!$C$5+R14*Constants!$C$6)) -> 0.8 | Y14: =W14*X14 -> 21.12 | Z14: =MIN(Constants!$C$16,MAX(Constants!$C$15,Constants!$C$13-T14*Constants!$C$17-IF(E14="Shieldbearer",Constants!$C$19,0))) -> 0.794 | AA14: =MIN(Constants!$C$24,Q14*Constants!$C$23) -> 0.128 | AB14: =MIN(Constants!$C$36,Constants!$C$34+P14*Constants!$C$35) -> 0.074 | AC14: =Constants!$C$46/U14 -> 8.3333333 | AD14: =IF(LEFT(C14,11)="Legionnaire",Constants!$C$40*0.5*MAX(0,1-(P14+Q14)/Constants!$C$41),"-") -> - | AE14: =IF(D14="Enemy",ROUNDUP(O14/Constants!$C$42,0),"-") -> -
A15: =B15&" - "&C15 -> jerusalem - Barnabas | B15: jerusalem | C15: Barnabas | D15: Player | E15: Apostle | F15: 1 | H15: Preach|Defend|Fish net | I15: 11 | J15: 3 | K15: 1 | L15: 15 | M15: 38 | N15: 48 | O15: 150 | P15: 40 | Q15: 33 | R15: 21 | S15: =M15+IFERROR(INDEX('Level Growth'!$C$4:$C$12,MATCH(E15,'Level Growth'!$A$4:$A$12,0)),'Level Growth'!$C$12)*(F15-1) -> 38 | T15: =N15+IFERROR(INDEX('Level Growth'!$D$4:$D$12,MATCH(E15,'Level Growth'!$A$4:$A$12,0)),'Level Growth'!$D$12)*(F15-1) -> 48 | U15: =I15+INT(F15/Constants!$C$52) -> 11 | V15: =J15+IF(G15="horse",Constants!$C$45,0) -> 3 | W15: =(O15+S15)*Constants!$C$3*IF(E15="Missionary",Constants!$C$4,1) -> 37.6 | X15: =MIN(Constants!$C$8,MAX(Constants!$C$7,Constants!$C$5+R15*Constants!$C$6)) -> 0.76 | Y15: =W15*X15 -> 28.576 | Z15: =MIN(Constants!$C$16,MAX(Constants!$C$15,Constants!$C$13-T15*Constants!$C$17-IF(E15="Shieldbearer",Constants!$C$19,0))) -> 0.754 | AA15: =MIN(Constants!$C$24,Q15*Constants!$C$23) -> 0.132 | AB15: =MIN(Constants!$C$36,Constants!$C$34+P15*Constants!$C$35) -> 0.21 | AC15: =Constants!$C$46/U15 -> 9.0909091 | AD15: =IF(LEFT(C15,11)="Legionnaire",Constants!$C$40*0.5*MAX(0,1-(P15+Q15)/Constants!$C$41),"-") -> - | AE15: =IF(D15="Enemy",ROUNDUP(O15/Constants!$C$42,0),"-") -> -
A16: =B16&" - "&C16 -> jerusalem - Mark | B16: jerusalem | C16: Mark | D16: Player | E16: Apostle | F16: 1 | H16: Preach|Slash | I16: 13 | J16: 3 | K16: 1 | L16: 10 | M16: 12 | N16: 16 | O16: 118 | P16: 41 | Q16: 26 | R16: 45 | S16: =M16+IFERROR(INDEX('Level Growth'!$C$4:$C$12,MATCH(E16,'Level Growth'!$A$4:$A$12,0)),'Level Growth'!$C$12)*(F16-1) -> 12 | T16: =N16+IFERROR(INDEX('Level Growth'!$D$4:$D$12,MATCH(E16,'Level Growth'!$A$4:$A$12,0)),'Level Growth'!$D$12)*(F16-1) -> 16 | U16: =I16+INT(F16/Constants!$C$52) -> 13 | V16: =J16+IF(G16="horse",Constants!$C$45,0) -> 3 | W16: =(O16+S16)*Constants!$C$3*IF(E16="Missionary",Constants!$C$4,1) -> 26 | X16: =MIN(Constants!$C$8,MAX(Constants!$C$7,Constants!$C$5+R16*Constants!$C$6)) -> 0.98 | Y16: =W16*X16 -> 25.48 | Z16: =MIN(Constants!$C$16,MAX(Constants!$C$15,Constants!$C$13-T16*Constants!$C$17-IF(E16="Shieldbearer",Constants!$C$19,0))) -> 0.818 | AA16: =MIN(Constants!$C$24,Q16*Constants!$C$23) -> 0.104 | AB16: =MIN(Constants!$C$36,Constants!$C$34+P16*Constants!$C$35) -> 0.214 | AC16: =Constants!$C$46/U16 -> 7.6923077 | AD16: =IF(LEFT(C16,11)="Legionnaire",Constants!$C$40*0.5*MAX(0,1-(P16+Q16)/Constants!$C$41),"-") -> - | AE16: =IF(D16="Enemy",ROUNDUP(O16/Constants!$C$42,0),"-") -> -
A17: =B17&" - "&C17 -> jerusalem - John | B17: jerusalem | C17: John | D17: Player | E17: Apostle | F17: 1 | H17: Preach|Heal | I17: 11 | J17: 3 | K17: 1 | L17: 50 | M17: 31 | N17: 26 | O17: 113 | P17: 19 | Q17: 13 | R17: 34 | S17: =M17+IFERROR(INDEX('Level Growth'!$C$4:$C$12,MATCH(E17,'Level Growth'!$A$4:$A$12,0)),'Level Growth'!$C$12)*(F17-1) -> 31 | T17: =N17+IFERROR(INDEX('Level Growth'!$D$4:$D$12,MATCH(E17,'Level Growth'!$A$4:$A$12,0)),'Level Growth'!$D$12)*(F17-1) -> 26 | U17: =I17+INT(F17/Constants!$C$52) -> 11 | V17: =J17+IF(G17="horse",Constants!$C$45,0) -> 3 | W17: =(O17+S17)*Constants!$C$3*IF(E17="Missionary",Constants!$C$4,1) -> 28.8 | X17: =MIN(Constants!$C$8,MAX(Constants!$C$7,Constants!$C$5+R17*Constants!$C$6)) -> 0.89 | Y17: =W17*X17 -> 25.632 | Z17: =MIN(Constants!$C$16,MAX(Constants!$C$15,Constants!$C$13-T17*Constants!$C$17-IF(E17="Shieldbearer",Constants!$C$19,0))) -> 0.798 | AA17: =MIN(Constants!$C$24,Q17*Constants!$C$23) -> 0.052 | AB17: =MIN(Constants!$C$36,Constants!$C$34+P17*Constants!$C$35) -> 0.126 | AC17: =Constants!$C$46/U17 -> 9.0909091 | AD17: =IF(LEFT(C17,11)="Legionnaire",Constants!$C$40*0.5*MAX(0,1-(P17+Q17)/Constants!$C$41),"-") -> - | AE17: =IF(D17="Enemy",ROUNDUP(O17/Constants!$C$42,0),"-") -> -
A18: =B18&" - "&C18 -> jerusalem - Legionnaire Shieldbearer 1 | B18: jerusalem | C18: Legionnaire Shieldbearer 1 | D18: Enemy | E18: Shieldbearer | F18: 1 | H18: Preach|Slash|Defend | I18: 10 | J18: 3 | K18: 1 | L18: 0 | M18: 15 | N18: 20 | O18: 100 | P18: 20 | Q18: 20 | R18: 20 | S18: =M18+IFERROR(INDEX('Level Growth'!$C$4:$C$12,MATCH(E18,'Level Growth'!$A$4:$A$12,0)),'Level Growth'!$C$12)*(F18-1) -> 15 | T18: =N18+IFERROR(INDEX('Level Growth'!$D$4:$D$12,MATCH(E18,'Level Growth'!$A$4:$A$12,0)),'Level Growth'!$D$12)*(F18-1) -> 20 | U18: =I18+INT(F18/Constants!$C$52) -> 10 | V18: =J18+IF(G18="horse",Constants!$C$45,0) -> 3 | W18: =(O18+S18)*Constants!$C$3*IF(E18="Missionary",Constants!$C$4,1) -> 23 | X18: =MIN(Constants!$C$8,MAX(Constants!$C$7,Constants!$C$5+R18*Constants!$C$6)) -> 0.75 | Y18: =W18*X18 -> 17.25 | Z18: =MIN(Constants!$C$16,MAX(Constants!$C$15,Constants!$C$13-T18*Constants!$C$17-IF(E18="Shieldbearer",Constants!$C$19,0))) -> 0.66 | AA18: =MIN(Constants!$C$24,Q18*Constants!$C$23) -> 0.08 | AB18: =MIN(Constants!$C$36,Constants!$C$34+P18*Constants!$C$35) -> 0.13 | AC18: =Constants!$C$46/U18 -> 10 | AD18: =IF(LEFT(C18,11)="Legionnaire",Constants!$C$40*0.5*MAX(0,1-(P18+Q18)/Constants!$C$41),"-") -> 0.22 | AE18: =IF(D18="Enemy",ROUNDUP(O18/Constants!$C$42,0),"-") -> 10
... A108: =B108&" - "&C108 -> rome - Legionnaire Medic 2 | B108: rome | C108: Legionnaire Medic 2 | D108: Enemy | E108: Medic | F108: 7 | H108: Preach|Rally|Shove | I108: 11 | J108: 3 | K108: 1 | L108: 0 | M108: 32 | N108: 39 | O108: 100 | P108: 20 | Q108: 32 | R108: 22 | S108: =M108+IFERROR(INDEX('Level Growth'!$C$4:$C$12,MATCH(E108,'Level Growth'!$A$4:$A$12,0)),'Level Growth'!$C$12)*(F108-1) -> 44 | T108: =N108+IFERROR(INDEX('Level Growth'!$D$4:$D$12,MATCH(E108,'Level Growth'!$A$4:$A$12,0)),'Level Growth'!$D$12)*(F108-1) -> 45 | U108: =I108+INT(F108/Constants!$C$52) -> 12 | V108: =J108+IF(G108="horse",Constants!$C$45,0) -> 3 | W108: =(O108+S108)*Constants!$C$3*IF(E108="Missionary",Constants!$C$4,1) -> 28.8 | X108: =MIN(Constants!$C$8,MAX(Constants!$C$7,Constants!$C$5+R108*Constants!$C$6)) -> 0.77 | Y108: =W108*X108 -> 22.176 | Z108: =MIN(Constants!$C$16,MAX(Constants!$C$15,Constants!$C$13-T108*Constants!$C$17-IF(E108="Shieldbearer",Constants!$C$19,0))) -> 0.76 | AA108: =MIN(Constants!$C$24,Q108*Constants!$C$23) -> 0.128 | AB108: =MIN(Constants!$C$36,Constants!$C$34+P108*Constants!$C$35) -> 0.13 | AC108: =Constants!$C$46/U108 -> 8.3333333 | AD108: =IF(LEFT(C108,11)="Legionnaire",Constants!$C$40*0.5*MAX(0,1-(P108+Q108)/Constants!$C$41),"-") -> 0.196 | AE108: =IF(D108="Enemy",ROUNDUP(O108/Constants!$C$42,0),"-") -> 10

Sheet Classes
A1: Type | B1: Class | C1: Role | D1: Signature skill | E1: Skills | F1: Speed | G1: Move | H1: Jump | I1: MP | J1: Speech | K1: Resist | L1: Faith | M1: Bravery | N1: Patience | O1: Love | P1: Preach strength | Q1: Preach hit % | R1: Expected faith / preach | S1: Physical hit % against them | T1: Status resist % | U1: Morale surge % / turn | V1: Ticks per turn
A2: INTJ | B2: Architect | C2: Analyst | D2: Grand Design | E2: Preach|Defend|Grand Design | F2: 12 | G2: 3 | H2: 1 | I2: 40 | J2: 26 | K2: 18 | L2: 130 | M2: 26 | N2: 30 | O2: 18 | P2: =(L2+J2)*Constants!$C$3 -> 31.2 | Q2: =MIN(Constants!$C$8,MAX(Constants!$C$7,Constants!$C$5+O2*Constants!$C$6)) -> 0.73 | R2: =P2*Q2 -> 22.776 | S2: =MIN(Constants!$C$16,MAX(Constants!$C$15,Constants!$C$13-K2*Constants!$C$17)) -> 0.814 | T2: =MIN(Constants!$C$24,N2*Constants!$C$23) -> 0.12 | U2: =MIN(Constants!$C$36,Constants!$C$34+M2*Constants!$C$35) -> 0.154 | V2: =Constants!$C$46/F2 -> 8.3333333
A3: INTP | B3: Logician | C3: Analyst | D3: Reason Together | E3: Preach|Fish net|Reason Together | F3: 11 | G3: 3 | H3: 1 | I3: 40 | J3: 30 | K3: 16 | L3: 125 | M3: 20 | N3: 34 | O3: 20 | P3: =(L3+J3)*Constants!$C$3 -> 31 | Q3: =MIN(Constants!$C$8,MAX(Constants!$C$7,Constants!$C$5+O3*Constants!$C$6)) -> 0.75 | R3: =P3*Q3 -> 23.25 | S3: =MIN(Constants!$C$16,MAX(Constants!$C$15,Constants!$C$13-K3*Constants!$C$17)) -> 0.818 | T3: =MIN(Constants!$C$24,N3*Constants!$C$23) -> 0.136 | U3: =MIN(Constants!$C$36,Constants!$C$34+M3*Constants!$C$35) -> 0.13 | V3: =Constants!$C$46/F3 -> 9.0909091
A4: ENTJ | B4: Commander | C4: Analyst | D4: Marshal | E4: Preach|Defend|Marshal | F4: 13 | G4: 3 | H4: 1 | I4: 40 | J4: 24 | K4: 20 | L4: 130 | M4: 34 | N4: 22 | O4: 16 | P4: =(L4+J4)*Constants!$C$3 -> 30.8 | Q4: =MIN(Constants!$C$8,MAX(Constants!$C$7,Constants!$C$5+O4*Constants!$C$6)) -> 0.71 | R4: =P4*Q4 -> 21.868 | S4: =MIN(Constants!$C$16,MAX(Constants!$C$15,Constants!$C$13-K4*Constants!$C$17)) -> 0.81 | T4: =MIN(Constants!$C$24,N4*Constants!$C$23) -> 0.088 | U4: =MIN(Constants!$C$36,Constants!$C$34+M4*Constants!$C$35) -> 0.186 | V4: =Constants!$C$46/F4 -> 7.6923077
A5: ENTP | B5: Debater | C5: Analyst | D5: Disputation | E5: Preach|Shove|Disputation | F5: 13 | G5: 3 | H5: 1 | I5: 40 | J5: 28 | K5: 14 | L5: 120 | M5: 30 | N5: 18 | O5: 20 | P5: =(L5+J5)*Constants!$C$3 -> 29.6 | Q5: =MIN(Constants!$C$8,MAX(Constants!$C$7,Constants!$C$5+O5*Constants!$C$6)) -> 0.75 | R5: =P5*Q5 -> 22.2 | S5: =MIN(Constants!$C$16,MAX(Constants!$C$15,Constants!$C$13-K5*Constants!$C$17)) -> 0.822 | T5: =MIN(Constants!$C$24,N5*Constants!$C$23) -> 0.072 | U5: =MIN(Constants!$C$36,Constants!$C$34+M5*Constants!$C$35) -> 0.17 | V5: =Constants!$C$46/F5 -> 7.6923077
A6: INFJ | B6: Advocate | C6: Diplomat | D6: Intercession | E6: Preach|First Aid|Intercession | F6: 11 | G6: 3 | H6: 1 | I6: 40 | J6: 26 | K6: 18 | L6: 140 | M6: 22 | N6: 32 | O6: 30 | P6: =(L6+J6)*Constants!$C$3 -> 33.2 | Q6: =MIN(Constants!$C$8,MAX(Constants!$C$7,Constants!$C$5+O6*Constants!$C$6)) -> 0.85 | R6: =P6*Q6 -> 28.22 | S6: =MIN(Constants!$C$16,MAX(Constants!$C$15,Constants!$C$13-K6*Constants!$C$17)) -> 0.814 | T6: =MIN(Constants!$C$24,N6*Constants!$C$23) -> 0.128 | U6: =MIN(Constants!$C$36,Constants!$C$34+M6*Constants!$C$35) -> 0.138 | V6: =Constants!$C$46/F6 -> 9.0909091
A7: INFP | B7: Mediator | C7: Diplomat | D7: Peacemaker | E7: Preach|First Aid|Peacemaker | F7: 11 | G7: 3 | H7: 1 | I7: 40 | J7: 24 | K7: 18 | L7: 135 | M7: 20 | N7: 30 | O7: 34 | P7: =(L7+J7)*Constants!$C$3 -> 31.8 | Q7: =MIN(Constants!$C$8,MAX(Constants!$C$7,Constants!$C$5+O7*Constants!$C$6)) -> 0.89 | R7: =P7*Q7 -> 28.302 | S7: =MIN(Constants!$C$16,MAX(Constants!$C$15,Constants!$C$13-K7*Constants!$C$17)) -> 0.814 | T7: =MIN(Constants!$C$24,N7*Constants!$C$23) -> 0.12 | U7: =MIN(Constants!$C$36,Constants!$C$34+M7*Constants!$C$35) -> 0.13 | V7: =Constants!$C$46/F7 -> 9.0909091
A8: ENFJ | B8: Protagonist | C8: Diplomat | D8: Inspire | E8: Preach|Defend|Inspire | F8: 12 | G8: 3 | H8: 1 | I8: 40 | J8: 24 | K8: 18 | L8: 140 | M8: 30 | N8: 24 | O8: 30 | P8: =(L8+J8)*Constants!$C$3 -> 32.8 | Q8: =MIN(Constants!$C$8,MAX(Constants!$C$7,Constants!$C$5+O8*Constants!$C$6)) -> 0.85 | R8: =P8*Q8 -> 27.88 | S8: =MIN(Constants!$C$16,MAX(Constants!$C$15,Constants!$C$13-K8*Constants!$C$17)) -> 0.814 | T8: =MIN(Constants!$C$24,N8*Constants!$C$23) -> 0.096 | U8: =MIN(Constants!$C$36,Constants!$C$34+M8*Constants!$C$35) -> 0.17 | V8: =Constants!$C$46/F8 -> 8.3333333
A9: ENFP | B9: Campaigner | C9: Diplomat | D9: Good News | E9: Preach|Shove|Good News | F9: 13 | G9: 3 | H9: 1 | I9: 40 | J9: 26 | K9: 14 | L9: 130 | M9: 28 | N9: 18 | O9: 32 | P9: =(L9+J9)*Constants!$C$3 -> 31.2 | Q9: =MIN(Constants!$C$8,MAX(Constants!$C$7,Constants!$C$5+O9*Constants!$C$6)) -> 0.87 | R9: =P9*Q9 -> 27.144 | S9: =MIN(Constants!$C$16,MAX(Constants!$C$15,Constants!$C$13-K9*Constants!$C$17)) -> 0.822 | T9: =MIN(Constants!$C$24,N9*Constants!$C$23) -> 0.072 | U9: =MIN(Constants!$C$36,Constants!$C$34+M9*Constants!$C$35) -> 0.162 | V9: =Constants!$C$46/F9 -> 7.6923077
A10: ISTJ | B10: Logistician | C10: Sentinel | D10: Provision | E10: Preach|Defend|Provision | F10: 11 | G10: 3 | H10: 1 | I10: 40 | J10: 20 | K10: 24 | L10: 130 | M10: 24 | N10: 30 | O10: 18 | P10: =(L10+J10)*Constants!$C$3 -> 30 | Q10: =MIN(Constants!$C$8,MAX(Constants!$C$7,Constants!$C$5+O10*Constants!$C$6)) -> 0.73 | R10: =P10*Q10 -> 21.9 | S10: =MIN(Constants!$C$16,MAX(Constants!$C$15,Constants!$C$13-K10*Constants!$C$17)) -> 0.802 | T10: =MIN(Constants!$C$24,N10*Constants!$C$23) -> 0.12 | U10: =MIN(Constants!$C$36,Constants!$C$34+M10*Constants!$C$35) -> 0.146 | V10: =Constants!$C$46/F10 -> 9.0909091
A11: ISFJ | B11: Defender | C11: Sentinel | D11: Shield of Faith | E11: Preach|First Aid|Shield of Faith | F11: 11 | G11: 3 | H11: 1 | I11: 40 | J11: 20 | K11: 26 | L11: 140 | M11: 24 | N11: 30 | O11: 26 | P11: =(L11+J11)*Constants!$C$3 -> 32 | Q11: =MIN(Constants!$C$8,MAX(Constants!$C$7,Constants!$C$5+O11*Constants!$C$6)) -> 0.81 | R11: =P11*Q11 -> 25.92 | S11: =MIN(Constants!$C$16,MAX(Constants!$C$15,Constants!$C$13-K11*Constants!$C$17)) -> 0.798 | T11: =MIN(Constants!$C$24,N11*Constants!$C$23) -> 0.12 | U11: =MIN(Constants!$C$36,Constants!$C$34+M11*Constants!$C$35) -> 0.146 | V11: =Constants!$C$46/F11 -> 9.0909091
A12: ESTJ | B12: Executive | C12: Sentinel | D12: Arrest | E12: Preach|Fish net|Arrest | F12: 12 | G12: 3 | H12: 1 | I12: 40 | J12: 22 | K12: 22 | L12: 130 | M12: 32 | N12: 22 | O12: 14 | P12: =(L12+J12)*Constants!$C$3 -> 30.4 | Q12: =MIN(Constants!$C$8,MAX(Constants!$C$7,Constants!$C$5+O12*Constants!$C$6)) -> 0.69 | R12: =P12*Q12 -> 20.976 | S12: =MIN(Constants!$C$16,MAX(Constants!$C$15,Constants!$C$13-K12*Constants!$C$17)) -> 0.806 | T12: =MIN(Constants!$C$24,N12*Constants!$C$23) -> 0.088 | U12: =MIN(Constants!$C$36,Constants!$C$34+M12*Constants!$C$35) -> 0.178 | V12: =Constants!$C$46/F12 -> 8.3333333
A13: ESFJ | B13: Consul | C13: Sentinel | D13: Breaking Bread | E13: Preach|First Aid|Breaking Bread | F13: 11 | G13: 3 | H13: 1 | I13: 40 | J13: 22 | K13: 20 | L13: 135 | M13: 26 | N13: 24 | O13: 32 | P13: =(L13+J13)*Constants!$C$3 -> 31.4 | Q13: =MIN(Constants!$C$8,MAX(Constants!$C$7,Constants!$C$5+O13*Constants!$C$6)) -> 0.87 | R13: =P13*Q13 -> 27.318 | S13: =MIN(Constants!$C$16,MAX(Constants!$C$15,Constants!$C$13-K13*Constants!$C$17)) -> 0.81 | T13: =MIN(Constants!$C$24,N13*Constants!$C$23) -> 0.096 | U13: =MIN(Constants!$C$36,Constants!$C$34+M13*Constants!$C$35) -> 0.154 | V13: =Constants!$C$46/F13 -> 9.0909091
... A17: ESFP | B17: Entertainer | C17: Explorer | D17: Parable | E17: Preach|Shove|Parable | F17: 13 | G17: 4 | H17: 2 | I17: 40 | J17: 26 | K17: 14 | L17: 125 | M17: 28 | N17: 18 | O17: 28 | P17: =(L17+J17)*Constants!$C$3 -> 30.2 | Q17: =MIN(Constants!$C$8,MAX(Constants!$C$7,Constants!$C$5+O17*Constants!$C$6)) -> 0.83 | R17: =P17*Q17 -> 25.066 | S17: =MIN(Constants!$C$16,MAX(Constants!$C$15,Constants!$C$13-K17*Constants!$C$17)) -> 0.822 | T17: =MIN(Constants!$C$24,N17*Constants!$C$23) -> 0.072 | U17: =MIN(Constants!$C$36,Constants!$C$34+M17*Constants!$C$35) -> 0.162 | V17: =Constants!$C$46/F17 -> 7.6923077
A19: Role averages
A20: Role | B20: Speed | C20: Move | D20: Faith | E20: Bravery | F20: Patience | G20: Love | H20: Expected faith / preach | I20: Physical hit % against them | J20: Status resist %
A21: Analyst | B21: =AVERAGEIF($C$2:$C$17,$A21,F$2:F$17) -> 12.25 | C21: =AVERAGEIF($C$2:$C$17,$A21,G$2:G$17) -> 3 | D21: =AVERAGEIF($C$2:$C$17,$A21,L$2:L$17) -> 126.25 | E21: =AVERAGEIF($C$2:$C$17,$A21,M$2:M$17) -> 27.5 | F21: =AVERAGEIF($C$2:$C$17,$A21,N$2:N$17) -> 26 | G21: =AVERAGEIF($C$2:$C$17,$A21,O$2:O$17) -> 18.5 | H21: =AVERAGEIF($C$2:$C$17,$A21,R$2:R$17) -> 22.5235 | I21: =AVERAGEIF($C$2:$C$17,$A21,S$2:S$17) -> 0.816 | J21: =AVERAGEIF($C$2:$C$17,$A21,T$2:T$17) -> 0.104
A22: Diplomat | B22: =AVERAGEIF($C$2:$C$17,$A22,F$2:F$17) -> 11.75 | C22: =AVERAGEIF($C$2:$C$17,$A22,G$2:G$17) -> 3 | D22: =AVERAGEIF($C$2:$C$17,$A22,L$2:L$17) -> 136.25 | E22: =AVERAGEIF($C$2:$C$17,$A22,M$2:M$17) -> 25 | F22: =AVERAGEIF($C$2:$C$17,$A22,N$2:N$17) -> 26 | G22: =AVERAGEIF($C$2:$C$17,$A22,O$2:O$17) -> 31.5 | H22: =AVERAGEIF($C$2:$C$17,$A22,R$2:R$17) -> 27.8865 | I22: =AVERAGEIF($C$2:$C$17,$A22,S$2:S$17) -> 0.816 | J22: =AVERAGEIF($C$2:$C$17,$A22,T$2:T$17) -> 0.104
A23: Sentinel | B23: =AVERAGEIF($C$2:$C$17,$A23,F$2:F$17) -> 11.25 | C23: =AVERAGEIF($C$2:$C$17,$A23,G$2:G$17) -> 3 | D23: =AVERAGEIF($C$2:$C$17,$A23,L$2:L$17) -> 133.75 | E23: =AVERAGEIF($C$2:$C$17,$A23,M$2:M$17) -> 26.5 | F23: =AVERAGEIF($C$2:$C$17,$A23,N$2:N$17) -> 26.5 | G23: =AVERAGEIF($C$2:$C$17,$A23,O$2:O$17) -> 22.5 | H23: =AVERAGEIF($C$2:$C$17,$A23,R$2:R$17) -> 24.0285 | I23: =AVERAGEIF($C$2:$C$17,$A23,S$2:S$17) -> 0.804 | J23: =AVERAGEIF($C$2:$C$17,$A23,T$2:T$17) -> 0.106
A24: Explorer | B24: =AVERAGEIF($C$2:$C$17,$A24,F$2:F$17) -> 13 | C24: =AVERAGEIF($C$2:$C$17,$A24,G$2:G$17) -> 4 | D24: =AVERAGEIF($C$2:$C$17,$A24,L$2:L$17) -> 123.75 | E24: =AVERAGEIF($C$2:$C$17,$A24,M$2:M$17) -> 30.5 | F24: =AVERAGEIF($C$2:$C$17,$A24,N$2:N$17) -> 20.5 | G24: =AVERAGEIF($C$2:$C$17,$A24,O$2:O$17) -> 23 | H24: =AVERAGEIF($C$2:$C$17,$A24,R$2:R$17) -> 23.1105 | I24: =AVERAGEIF($C$2:$C$17,$A24,S$2:S$17) -> 0.819 | J24: =AVERAGEIF($C$2:$C$17,$A24,T$2:T$17) -> 0.082

Sheet Skills
A1: Skill | B1: Type | C1: MP cost | D1: Range | E1: What it does (live numbers) | F1: Units carrying it | G1: Classes carrying it
A2: Preach | B2: Faith | C2: 0 | D2: 1 | E2: ="Party on enemy: raises their faith by Preach strength; at "&Constants!$C$2&" they convert. Enemy on party: lowers it. Misses on a Love roll." -> Party on enemy: raises their faith by Preach strength; at 200 they convert. Enemy on party: lowers it. Misses on a Love roll. | F2: =SUMPRODUCT(--ISNUMBER(SEARCH("|"&A2&"|","|"&Units!$H$2:$H$108&"|"))) -> 101 | G2: =SUMPRODUCT(--ISNUMBER(SEARCH("|"&A2&"|","|"&Classes!$E$2:$E$17&"|"))) -> 16
A3: Shoot | B3: Physical | C3: 0 | D3: 3 | E3: ="Strikes the target down (removed). Archers ignore the uphill penalty. A guard blocks it." -> Strikes the target down (removed). Archers ignore the uphill penalty. A guard blocks it. | F3: =SUMPRODUCT(--ISNUMBER(SEARCH("|"&A3&"|","|"&Units!$H$2:$H$108&"|"))) -> 6 | G3: =SUMPRODUCT(--ISNUMBER(SEARCH("|"&A3&"|","|"&Classes!$E$2:$E$17&"|"))) -> 0
A4: First Aid | B4: Heal | C4: 0 | D4: 1 | E4: ="Raises an ally's faith by the user's Preach strength. Always lands." -> Raises an ally's faith by the user's Preach strength. Always lands. | F4: =SUMPRODUCT(--ISNUMBER(SEARCH("|"&A4&"|","|"&Units!$H$2:$H$108&"|"))) -> 21 | G4: =SUMPRODUCT(--ISNUMBER(SEARCH("|"&A4&"|","|"&Classes!$E$2:$E$17&"|"))) -> 5
A5: Heal | B5: Heal | C5: 15 | D5: 2 | E5: ="Raises an ally's faith by the user's Preach strength. Always lands." -> Raises an ally's faith by the user's Preach strength. Always lands. | F5: =SUMPRODUCT(--ISNUMBER(SEARCH("|"&A5&"|","|"&Units!$H$2:$H$108&"|"))) -> 13 | G5: =SUMPRODUCT(--ISNUMBER(SEARCH("|"&A5&"|","|"&Classes!$E$2:$E$17&"|"))) -> 0
A6: Lead | B6: Support | C6: 50 | D6: 0 | E6: ="+"&Constants!$C$29&" Love to allies within "&Constants!$C$30&" tiles for "&Constants!$C$31&" turns." -> +50 Love to allies within 2 tiles for 3 turns. | F6: =SUMPRODUCT(--ISNUMBER(SEARCH("|"&A6&"|","|"&Units!$H$2:$H$108&"|"))) -> 6 | G6: =SUMPRODUCT(--ISNUMBER(SEARCH("|"&A6&"|","|"&Classes!$E$2:$E$17&"|"))) -> 0
A7: Defend | B7: Support | C7: 0 | D7: 1 | E7: ="Guards an ally: blocks the next Physical hit." -> Guards an ally: blocks the next Physical hit. | F7: =SUMPRODUCT(--ISNUMBER(SEARCH("|"&A7&"|","|"&Units!$H$2:$H$108&"|"))) -> 29 | G7: =SUMPRODUCT(--ISNUMBER(SEARCH("|"&A7&"|","|"&Classes!$E$2:$E$17&"|"))) -> 4
A8: Slash | B8: Physical | C8: 0 | D8: 1 | E8: ="Disarms the target for "&Constants!$C$22&" turns (can't act)." -> Disarms the target for 2 turns (can't act). | F8: =SUMPRODUCT(--ISNUMBER(SEARCH("|"&A8&"|","|"&Units!$H$2:$H$108&"|"))) -> 33 | G8: =SUMPRODUCT(--ISNUMBER(SEARCH("|"&A8&"|","|"&Classes!$E$2:$E$17&"|"))) -> 2
A9: Command | B9: Support | C9: 5 | D9: 4 | E9: ="+"&Constants!$C$28&" CT to an ally - their next turn comes sooner." -> +40 CT to an ally - their next turn comes sooner. | F9: =SUMPRODUCT(--ISNUMBER(SEARCH("|"&A9&"|","|"&Units!$H$2:$H$108&"|"))) -> 2 | G9: =SUMPRODUCT(--ISNUMBER(SEARCH("|"&A9&"|","|"&Classes!$E$2:$E$17&"|"))) -> 0
A10: Fish net | B10: Status | C10: 0 | D10: 3 | E10: ="Snares the target for "&Constants!$C$27&" turns (can't move). Patience resists." -> Snares the target for 2 turns (can't move). Patience resists. | F10: =SUMPRODUCT(--ISNUMBER(SEARCH("|"&A10&"|","|"&Units!$H$2:$H$108&"|"))) -> 23 | G10: =SUMPRODUCT(--ISNUMBER(SEARCH("|"&A10&"|","|"&Classes!$E$2:$E$17&"|"))) -> 2
A11: Shove | B11: Status | C11: 0 | D11: 1 | E11: =""&TEXT(Constants!$C$25,"0%")&" chance to stun 1 turn and push "&Constants!$C$26&" tiles. Patience resists." -> 50% chance to stun 1 turn and push 2 tiles. Patience resists. | F11: =SUMPRODUCT(--ISNUMBER(SEARCH("|"&A11&"|","|"&Units!$H$2:$H$108&"|"))) -> 17 | G11: =SUMPRODUCT(--ISNUMBER(SEARCH("|"&A11&"|","|"&Classes!$E$2:$E$17&"|"))) -> 3
A12: Rally | B12: Support | C12: 0 | D12: 2 | E12: ="Enemy Medic: lowers an ally's faith by up to "&Constants!$C$32&" (not below "&Constants!$C$33&") and clears statuses. Party: raises faith." -> Enemy Medic: lowers an ally's faith by up to 20 (not below 100) and clears statuses. Party: raises faith. | F12: =SUMPRODUCT(--ISNUMBER(SEARCH("|"&A12&"|","|"&Units!$H$2:$H$108&"|"))) -> 9 | G12: =SUMPRODUCT(--ISNUMBER(SEARCH("|"&A12&"|","|"&Classes!$E$2:$E$17&"|"))) -> 0
A13: Grand Design | B13: Support | C13: 10 | D13: 0 | E13: ="Allies within 2: +1 Move, +5 Speed for 2 turns." -> Allies within 2: +1 Move, +5 Speed for 2 turns. | F13: =SUMPRODUCT(--ISNUMBER(SEARCH("|"&A13&"|","|"&Units!$H$2:$H$108&"|"))) -> 0 | G13: =SUMPRODUCT(--ISNUMBER(SEARCH("|"&A13&"|","|"&Classes!$E$2:$E$17&"|"))) -> 1
A14: Reason Together | B14: Status | C14: 5 | D14: 2 | E14: ="Never misses: +"&Constants!$C$53&" faith to an enemy." -> Never misses: +25 faith to an enemy. | F14: =SUMPRODUCT(--ISNUMBER(SEARCH("|"&A14&"|","|"&Units!$H$2:$H$108&"|"))) -> 0 | G14: =SUMPRODUCT(--ISNUMBER(SEARCH("|"&A14&"|","|"&Classes!$E$2:$E$17&"|"))) -> 1
A15: Marshal | B15: Support | C15: 10 | D15: 0 | E15: ="Allies within 2: +"&Constants!$C$57&" CT." -> Allies within 2: +30 CT. | F15: =SUMPRODUCT(--ISNUMBER(SEARCH("|"&A15&"|","|"&Units!$H$2:$H$108&"|"))) -> 0 | G15: =SUMPRODUCT(--ISNUMBER(SEARCH("|"&A15&"|","|"&Classes!$E$2:$E$17&"|"))) -> 1
A16: Disputation | B16: Status | C16: 0 | D16: 1 | E16: ="Stun 1 turn and +10 faith. Patience resists." -> Stun 1 turn and +10 faith. Patience resists. | F16: =SUMPRODUCT(--ISNUMBER(SEARCH("|"&A16&"|","|"&Units!$H$2:$H$108&"|"))) -> 0 | G16: =SUMPRODUCT(--ISNUMBER(SEARCH("|"&A16&"|","|"&Classes!$E$2:$E$17&"|"))) -> 1
A17: Intercession | B17: Support | C17: 10 | D17: 3 | E17: ="Cures an ally's Despair and statuses, +"&Constants!$C$54&" faith." -> Cures an ally's Despair and statuses, +30 faith. | F17: =SUMPRODUCT(--ISNUMBER(SEARCH("|"&A17&"|","|"&Units!$H$2:$H$108&"|"))) -> 0 | G17: =SUMPRODUCT(--ISNUMBER(SEARCH("|"&A17&"|","|"&Classes!$E$2:$E$17&"|"))) -> 1
A18: Peacemaker | B18: Status | C18: 5 | D18: 2 | E18: ="Disarms an enemy for 2 turns. Patience resists." -> Disarms an enemy for 2 turns. Patience resists. | F18: =SUMPRODUCT(--ISNUMBER(SEARCH("|"&A18&"|","|"&Units!$H$2:$H$108&"|"))) -> 0 | G18: =SUMPRODUCT(--ISNUMBER(SEARCH("|"&A18&"|","|"&Classes!$E$2:$E$17&"|"))) -> 1
A19: Inspire | B19: Support | C19: 10 | D19: 0 | E19: ="Allies within 2: +"&Constants!$C$55&" faith." -> Allies within 2: +15 faith. | F19: =SUMPRODUCT(--ISNUMBER(SEARCH("|"&A19&"|","|"&Units!$H$2:$H$108&"|"))) -> 0 | G19: =SUMPRODUCT(--ISNUMBER(SEARCH("|"&A19&"|","|"&Classes!$E$2:$E$17&"|"))) -> 1
A20: Good News | B20: Status | C20: 10 | D20: 2 | E20: ="Preaches the target and every enemy beside it at "&TEXT(Constants!$C$56,"0%")&" strength (Love roll each)." -> Preaches the target and every enemy beside it at 60% strength (Love roll each). | F20: =SUMPRODUCT(--ISNUMBER(SEARCH("|"&A20&"|","|"&Units!$H$2:$H$108&"|"))) -> 0 | G20: =SUMPRODUCT(--ISNUMBER(SEARCH("|"&A20&"|","|"&Classes!$E$2:$E$17&"|"))) -> 1
A21: Provision | B21: Support | C21: 0 | D21: 1 | E21: ="Refills an ally's MP, cures Snare/Stun, +10 faith." -> Refills an ally's MP, cures Snare/Stun, +10 faith. | F21: =SUMPRODUCT(--ISNUMBER(SEARCH("|"&A21&"|","|"&Units!$H$2:$H$108&"|"))) -> 0 | G21: =SUMPRODUCT(--ISNUMBER(SEARCH("|"&A21&"|","|"&Classes!$E$2:$E$17&"|"))) -> 1
A22: Shield of Faith | B22: Support | C22: 5 | D22: 1 | E22: ="Guards an ally and stops their faith being shaken for 2 turns." -> Guards an ally and stops their faith being shaken for 2 turns. | F22: =SUMPRODUCT(--ISNUMBER(SEARCH("|"&A22&"|","|"&Units!$H$2:$H$108&"|"))) -> 0 | G22: =SUMPRODUCT(--ISNUMBER(SEARCH("|"&A22&"|","|"&Classes!$E$2:$E$17&"|"))) -> 1
A23: Arrest | B23: Status | C23: 5 | D23: 1 | E23: ="Snare "&Constants!$C$65&" turns and disarm 1. Patience resists." -> Snare 3 turns and disarm 1. Patience resists. | F23: =SUMPRODUCT(--ISNUMBER(SEARCH("|"&A23&"|","|"&Units!$H$2:$H$108&"|"))) -> 0 | G23: =SUMPRODUCT(--ISNUMBER(SEARCH("|"&A23&"|","|"&Classes!$E$2:$E$17&"|"))) -> 1
A24: Breaking Bread | B24: Support | C24: 10 | D24: 0 | E24: ="Allies within 1: +"&Constants!$C$64&" faith, +10 Love for 2 turns." -> Allies within 1: +20 faith, +10 Love for 2 turns. | F24: =SUMPRODUCT(--ISNUMBER(SEARCH("|"&A24&"|","|"&Units!$H$2:$H$108&"|"))) -> 0 | G24: =SUMPRODUCT(--ISNUMBER(SEARCH("|"&A24&"|","|"&Classes!$E$2:$E$17&"|"))) -> 1
A25: Sling | B25: Physical | C25: 0 | D25: 4 | E25: ="Ranged disarm (4 tiles) for "&Constants!$C$22&" turns." -> Ranged disarm (4 tiles) for 2 turns. | F25: =SUMPRODUCT(--ISNUMBER(SEARCH("|"&A25&"|","|"&Units!$H$2:$H$108&"|"))) -> 0 | G25: =SUMPRODUCT(--ISNUMBER(SEARCH("|"&A25&"|","|"&Classes!$E$2:$E$17&"|"))) -> 1
A26: Psalm | B26: Support | C26: 10 | D26: 0 | E26: ="Enemies within 2: -"&Constants!$C$58&" CT. Allies within 2: +10 faith." -> Enemies within 2: -30 CT. Allies within 2: +10 faith. | F26: =SUMPRODUCT(--ISNUMBER(SEARCH("|"&A26&"|","|"&Units!$H$2:$H$108&"|"))) -> 0 | G26: =SUMPRODUCT(--ISNUMBER(SEARCH("|"&A26&"|","|"&Classes!$E$2:$E$17&"|"))) -> 1
A27: Bold Venture | B27: Status | C27: 0 | D27: 1 | E27: =""&TEXT(Constants!$C$59,"0%")&" chance: +"&Constants!$C$60&" faith to the enemy; otherwise the caster loses "&Constants!$C$61&"." -> 55% chance: +60 faith to the enemy; otherwise the caster loses 20. | F27: =SUMPRODUCT(--ISNUMBER(SEARCH("|"&A27&"|","|"&Units!$H$2:$H$108&"|"))) -> 0 | G27: =SUMPRODUCT(--ISNUMBER(SEARCH("|"&A27&"|","|"&Classes!$E$2:$E$17&"|"))) -> 1
A28: Parable | B28: Status | C28: 5 | D28: 3 | E28: ="+"&Constants!$C$62&" faith and -"&Constants!$C$63&" CT to an enemy, range 3." -> +15 faith and -40 CT to an enemy, range 3. | F28: =SUMPRODUCT(--ISNUMBER(SEARCH("|"&A28&"|","|"&Units!$H$2:$H$108&"|"))) -> 0 | G28: =SUMPRODUCT(--ISNUMBER(SEARCH("|"&A28&"|","|"&Classes!$E$2:$E$17&"|"))) -> 1
A29: Persecute | B29: Status | C29: 0 | D29: 1 | E29: ="Never misses: -"&Constants!$C$42&" faith and -"&Constants!$C$43&" Move for "&Constants!$C$44&" turns. At 0 faith the disciple is arrested." -> Never misses: -10 faith and -1 Move for 2 turns. At 0 faith the disciple is arrested. | F29: =SUMPRODUCT(--ISNUMBER(SEARCH("|"&A29&"|","|"&Units!$H$2:$H$108&"|"))) -> 5 | G29: =SUMPRODUCT(--ISNUMBER(SEARCH("|"&A29&"|","|"&Classes!$E$2:$E$17&"|"))) -> 0

Sheet Stage Summary
A1: Stage | B1: Title | C1: Party units | D1: Enemy units | E1: Party avg speed | F1: Enemy avg speed | G1: Party faith pool | H1: Enemy faith pool | I1: Party faith / round (expected) | J1: Enemy faith / round (expected) | K1: Faith the party must add to convert every enemy | L1: Rounds for the party to convert all | M1: Rounds for the enemy to break the whole party
A2: damascus | B2: The Road to Damascus | C2: =COUNTIFS(Units!$B$2:$B$108,$A2,Units!$D$2:$D$108,"Player") -> 5 | D2: =COUNTIFS(Units!$B$2:$B$108,$A2,Units!$D$2:$D$108,"<>Player") -> 6 | E2: =AVERAGEIFS(Units!$U$2:$U$108,Units!$B$2:$B$108,$A2,Units!$D$2:$D$108,"Player") -> 11.8 | F2: =AVERAGEIFS(Units!$U$2:$U$108,Units!$B$2:$B$108,$A2,Units!$D$2:$D$108,"<>Player") -> 10.833333 | G2: =SUMIFS(Units!$O$2:$O$108,Units!$B$2:$B$108,$A2,Units!$D$2:$D$108,"Player") -> 777 | H2: =SUMIFS(Units!$O$2:$O$108,Units!$B$2:$B$108,$A2,Units!$D$2:$D$108,"<>Player") -> 600 | I2: =SUMIFS(Units!$Y$2:$Y$108,Units!$B$2:$B$108,$A2,Units!$D$2:$D$108,"Player") -> 149.357 | J2: =SUMIFS(Units!$Y$2:$Y$108,Units!$B$2:$B$108,$A2,Units!$D$2:$D$108,"<>Player") -> 109.704 | K2: =D2*Constants!$C$2-H2 -> 600 | L2: =IF(I2>0,K2/I2,"-") -> 4.0172205 | M2: =IF(J2>0,G2/J2,"-") -> 7.0826953
A3: jerusalem | B3: Paul Among the Apostles | C3: =COUNTIFS(Units!$B$2:$B$108,$A3,Units!$D$2:$D$108,"Player") -> 5 | D3: =COUNTIFS(Units!$B$2:$B$108,$A3,Units!$D$2:$D$108,"<>Player") -> 6 | E3: =AVERAGEIFS(Units!$U$2:$U$108,Units!$B$2:$B$108,$A3,Units!$D$2:$D$108,"Player") -> 12.4 | F3: =AVERAGEIFS(Units!$U$2:$U$108,Units!$B$2:$B$108,$A3,Units!$D$2:$D$108,"<>Player") -> 10.333333 | G3: =SUMIFS(Units!$O$2:$O$108,Units!$B$2:$B$108,$A3,Units!$D$2:$D$108,"Player") -> 632 | H3: =SUMIFS(Units!$O$2:$O$108,Units!$B$2:$B$108,$A3,Units!$D$2:$D$108,"<>Player") -> 600 | I3: =SUMIFS(Units!$Y$2:$Y$108,Units!$B$2:$B$108,$A3,Units!$D$2:$D$108,"Player") -> 135.458 | J3: =SUMIFS(Units!$Y$2:$Y$108,Units!$B$2:$B$108,$A3,Units!$D$2:$D$108,"<>Player") -> 104.122 | K3: =D3*Constants!$C$2-H3 -> 600 | L3: =IF(I3>0,K3/I3,"-") -> 4.4294172 | M3: =IF(J3>0,G3/J3,"-") -> 6.0698027
A4: antioch | B4: The First Gentile Church | C4: =COUNTIFS(Units!$B$2:$B$108,$A4,Units!$D$2:$D$108,"Player") -> 12 | D4: =COUNTIFS(Units!$B$2:$B$108,$A4,Units!$D$2:$D$108,"<>Player") -> 3 | E4: =AVERAGEIFS(Units!$U$2:$U$108,Units!$B$2:$B$108,$A4,Units!$D$2:$D$108,"Player") -> 11.416667 | F4: =AVERAGEIFS(Units!$U$2:$U$108,Units!$B$2:$B$108,$A4,Units!$D$2:$D$108,"<>Player") -> 10.333333 | G4: =SUMIFS(Units!$O$2:$O$108,Units!$B$2:$B$108,$A4,Units!$D$2:$D$108,"Player") -> 1526 | H4: =SUMIFS(Units!$O$2:$O$108,Units!$B$2:$B$108,$A4,Units!$D$2:$D$108,"<>Player") -> 300 | I4: =SUMIFS(Units!$Y$2:$Y$108,Units!$B$2:$B$108,$A4,Units!$D$2:$D$108,"Player") -> 306.244 | J4: =SUMIFS(Units!$Y$2:$Y$108,Units!$B$2:$B$108,$A4,Units!$D$2:$D$108,"<>Player") -> 52.91 | K4: =D4*Constants!$C$2-H4 -> 300 | L4: =IF(I4>0,K4/I4,"-") -> 0.97961103 | M4: =IF(J4>0,G4/J4,"-") -> 28.841429
A5: philippi | B5: The Jailer's Household | C5: =COUNTIFS(Units!$B$2:$B$108,$A5,Units!$D$2:$D$108,"Player") -> 12 | D5: =COUNTIFS(Units!$B$2:$B$108,$A5,Units!$D$2:$D$108,"<>Player") -> 4 | E5: =AVERAGEIFS(Units!$U$2:$U$108,Units!$B$2:$B$108,$A5,Units!$D$2:$D$108,"Player") -> 11.416667 | F5: =AVERAGEIFS(Units!$U$2:$U$108,Units!$B$2:$B$108,$A5,Units!$D$2:$D$108,"<>Player") -> 10.25 | G5: =SUMIFS(Units!$O$2:$O$108,Units!$B$2:$B$108,$A5,Units!$D$2:$D$108,"Player") -> 1526 | H5: =SUMIFS(Units!$O$2:$O$108,Units!$B$2:$B$108,$A5,Units!$D$2:$D$108,"<>Player") -> 400 | I5: =SUMIFS(Units!$Y$2:$Y$108,Units!$B$2:$B$108,$A5,Units!$D$2:$D$108,"Player") -> 306.244 | J5: =SUMIFS(Units!$Y$2:$Y$108,Units!$B$2:$B$108,$A5,Units!$D$2:$D$108,"<>Player") -> 72.324 | K5: =D5*Constants!$C$2-H5 -> 400 | L5: =IF(I5>0,K5/I5,"-") -> 1.306148 | M5: =IF(J5>0,G5/J5,"-") -> 21.099497
A6: corinth | B6: A Fractious Church | C6: =COUNTIFS(Units!$B$2:$B$108,$A6,Units!$D$2:$D$108,"Player") -> 12 | D6: =COUNTIFS(Units!$B$2:$B$108,$A6,Units!$D$2:$D$108,"<>Player") -> 4 | E6: =AVERAGEIFS(Units!$U$2:$U$108,Units!$B$2:$B$108,$A6,Units!$D$2:$D$108,"Player") -> 11.416667 | F6: =AVERAGEIFS(Units!$U$2:$U$108,Units!$B$2:$B$108,$A6,Units!$D$2:$D$108,"<>Player") -> 10.25 | G6: =SUMIFS(Units!$O$2:$O$108,Units!$B$2:$B$108,$A6,Units!$D$2:$D$108,"Player") -> 1526 | H6: =SUMIFS(Units!$O$2:$O$108,Units!$B$2:$B$108,$A6,Units!$D$2:$D$108,"<>Player") -> 400 | I6: =SUMIFS(Units!$Y$2:$Y$108,Units!$B$2:$B$108,$A6,Units!$D$2:$D$108,"Player") -> 306.244 | J6: =SUMIFS(Units!$Y$2:$Y$108,Units!$B$2:$B$108,$A6,Units!$D$2:$D$108,"<>Player") -> 73.614 | K6: =D6*Constants!$C$2-H6 -> 400 | L6: =IF(I6>0,K6/I6,"-") -> 1.306148 | M6: =IF(J6>0,G6/J6,"-") -> 20.729752
A7: ephesus | B7: Riot of the Silversmiths | C7: =COUNTIFS(Units!$B$2:$B$108,$A7,Units!$D$2:$D$108,"Player") -> 12 | D7: =COUNTIFS(Units!$B$2:$B$108,$A7,Units!$D$2:$D$108,"<>Player") -> 7 | E7: =AVERAGEIFS(Units!$U$2:$U$108,Units!$B$2:$B$108,$A7,Units!$D$2:$D$108,"Player") -> 11.416667 | F7: =AVERAGEIFS(Units!$U$2:$U$108,Units!$B$2:$B$108,$A7,Units!$D$2:$D$108,"<>Player") -> 11.571429 | G7: =SUMIFS(Units!$O$2:$O$108,Units!$B$2:$B$108,$A7,Units!$D$2:$D$108,"Player") -> 1526 | H7: =SUMIFS(Units!$O$2:$O$108,Units!$B$2:$B$108,$A7,Units!$D$2:$D$108,"<>Player") -> 700 | I7: =SUMIFS(Units!$Y$2:$Y$108,Units!$B$2:$B$108,$A7,Units!$D$2:$D$108,"Player") -> 306.244 | J7: =SUMIFS(Units!$Y$2:$Y$108,Units!$B$2:$B$108,$A7,Units!$D$2:$D$108,"<>Player") -> 130 | K7: =D7*Constants!$C$2-H7 -> 700 | L7: =IF(I7>0,K7/I7,"-") -> 2.2857591 | M7: =IF(J7>0,G7/J7,"-") -> 11.738462
A8: rome | B8: Nero's Persecution | C8: =COUNTIFS(Units!$B$2:$B$108,$A8,Units!$D$2:$D$108,"Player") -> 12 | D8: =COUNTIFS(Units!$B$2:$B$108,$A8,Units!$D$2:$D$108,"<>Player") -> 7 | E8: =AVERAGEIFS(Units!$U$2:$U$108,Units!$B$2:$B$108,$A8,Units!$D$2:$D$108,"Player") -> 11.416667 | F8: =AVERAGEIFS(Units!$U$2:$U$108,Units!$B$2:$B$108,$A8,Units!$D$2:$D$108,"<>Player") -> 11.571429 | G8: =SUMIFS(Units!$O$2:$O$108,Units!$B$2:$B$108,$A8,Units!$D$2:$D$108,"Player") -> 1526 | H8: =SUMIFS(Units!$O$2:$O$108,Units!$B$2:$B$108,$A8,Units!$D$2:$D$108,"<>Player") -> 700 | I8: =SUMIFS(Units!$Y$2:$Y$108,Units!$B$2:$B$108,$A8,Units!$D$2:$D$108,"Player") -> 306.244 | J8: =SUMIFS(Units!$Y$2:$Y$108,Units!$B$2:$B$108,$A8,Units!$D$2:$D$108,"<>Player") -> 149.348 | K8: =D8*Constants!$C$2-H8 -> 700 | L8: =IF(I8>0,K8/I8,"-") -> 2.2857591 | M8: =IF(J8>0,G8/J8,"-") -> 10.217746
A10: How to read this
A11: A 'round' assumes every unit acts once and spends its turn preaching - a rough measure of faith pressure, not a prediction.
A12: Higher 'Rounds for the party to convert all' = a slower, harder stage for the player; compare it with 'Rounds for the enemy to break the whole party'.
A13: Ignores movement, statuses, Rally, Persecute, physical attacks, escapes and the 1% faith decay. Use tools/playtest_sim.py for full simulations.
A14: Damascus: Saul's band persecutes instead of preaching, so its 'party faith / round' overstates how fast disciples convert there.

Sheet Constants
A1: Section | B1: Constant | C1: Value | D1: What it does | E1: Source in the game
A2: Faith | B2: FAITH_CAP | C2: 200 | D2: Faith ceiling. An enemy preached up to it converts. | E2: scripts/config.py: FAITH_CAP
A3: Faith | B3: FAITH_TRANSFER_RATE | C3: 0.2 | D3: Preach/Heal strength = (preacher Faith + Speech) x this rate. | E3: scripts/game_logic.py: FAITH_TRANSFER_RATE
A4: Faith | B4: MISSIONARY_PREACH_MULTIPLIER | C4: 1.5 | D4: Missionary (Paul) preaches this many times stronger. | E4: scripts/game_logic.py: CLASS_PREACH_MULTIPLIER['Missionary']
A5: Faith | B5: FAITH_BASE_HIT_CHANCE | C5: 0.55 | D5: Preach hit chance before Love. | E5: scripts/game_logic.py: FAITH_BASE_HIT_CHANCE
A6: Faith | B6: FAITH_HIT_PER_LOVE | C6: 0.01 | D6: Preach hit chance added per point of the preacher's Love. | E6: scripts/game_logic.py: FAITH_HIT_PER_LOVE
A7: Faith | B7: FAITH_MIN_HIT_CHANCE | C7: 0.5 | D7: Preach hit chance floor. | E7: scripts/game_logic.py: FAITH_MIN_HIT_CHANCE
A8: Faith | B8: FAITH_MAX_HIT_CHANCE | C8: 0.98 | D8: Preach hit chance ceiling. | E8: scripts/game_logic.py: FAITH_MAX_HIT_CHANCE
A9: Faith | B9: FAITH_DECAY_PER_TURN | C9: 0.01 | D9: Every unit loses this share of its faith at the start of its own turn. | E9: scripts/game_logic.py: begin_turn (hard-coded 0.01)
A10: Faith | B10: SIDE_SWITCH_FAITH | C10: 100 | D10: Faith a unit has right after converting or turning back. | E10: scripts/game_logic.py: SIDE_SWITCH_FAITH
A11: Despair | B11: DESPAIR_TURNS | C11: 3 | D11: Turns a party member at 0 faith sits out. | E11: scripts/game_logic.py: DESPAIR_TURNS
A12: Despair | B12: DESPAIR_RECOVERY_FAITH | C12: 30 | D12: Faith they recover with when Despair lifts. | E12: scripts/game_logic.py: DESPAIR_RECOVERY_FAITH
A13: Physical | B13: PHYSICAL_BASE_HIT_CHANCE | C13: 0.85 | D13: Slash/Shoot/Sling hit chance on level ground before modifiers. | E13: scripts/game_logic.py: PHYSICAL_BASE_HIT_CHANCE
... A65: Class skills | B65: ARREST_SNARE_TURNS | C65: 3 | D65: Signature-skill number (see Skills sheet). | E65: scripts/game_logic.py: ARREST_SNARE_TURNS

Sheet Level Growth
A1: Level to preview | B1: 10
A3: Class | B3: Max MP / level | C3: Speech / level | D3: Resist / level | E3: MP gained by level | F3: Speech gained by level | G3: Resist gained by level | H3: Speed gained by level
A4: Missionary | B4: 5 | C4: 2 | D4: 1 | E4: =B4*($B$1-1) -> 45 | F4: =C4*($B$1-1) -> 18 | G4: =D4*($B$1-1) -> 9 | H4: =INT($B$1/Constants!$C$52) -> 2
A5: Apostle | B5: 3 | C5: 1 | D5: 1 | E5: =B5*($B$1-1) -> 27 | F5: =C5*($B$1-1) -> 9 | G5: =D5*($B$1-1) -> 9 | H5: =INT($B$1/Constants!$C$52) -> 2
A6: Soldier | B6: 1 | C6: 1 | D6: 2 | E6: =B6*($B$1-1) -> 9 | F6: =C6*($B$1-1) -> 9 | G6: =D6*($B$1-1) -> 18 | H6: =INT($B$1/Constants!$C$52) -> 2
A7: Sergeant | B7: 1 | C7: 1 | D7: 2 | E7: =B7*($B$1-1) -> 9 | F7: =C7*($B$1-1) -> 9 | G7: =D7*($B$1-1) -> 18 | H7: =INT($B$1/Constants!$C$52) -> 2
A8: Officer | B8: 2 | C8: 1 | D8: 2 | E8: =B8*($B$1-1) -> 18 | F8: =C8*($B$1-1) -> 9 | G8: =D8*($B$1-1) -> 18 | H8: =INT($B$1/Constants!$C$52) -> 2
A9: Archer | B9: 1 | C9: 1 | D9: 1 | E9: =B9*($B$1-1) -> 9 | F9: =C9*($B$1-1) -> 9 | G9: =D9*($B$1-1) -> 9 | H9: =INT($B$1/Constants!$C$52) -> 2
A10: Shieldbearer | B10: 1 | C10: 0 | D10: 3 | E10: =B10*($B$1-1) -> 9 | F10: =C10*($B$1-1) -> 0 | G10: =D10*($B$1-1) -> 27 | H10: =INT($B$1/Constants!$C$52) -> 2
A11: Medic | B11: 2 | C11: 2 | D11: 1 | E11: =B11*($B$1-1) -> 18 | F11: =C11*($B$1-1) -> 18 | G11: =D11*($B$1-1) -> 9 | H11: =INT($B$1/Constants!$C$52) -> 2
A12: (any other class) | B12: 2 | C12: 1 | D12: 1 | E12: =B12*($B$1-1) -> 18 | F12: =C12*($B$1-1) -> 9 | G12: =D12*($B$1-1) -> 9 | H12: =INT($B$1/Constants!$C$52) -> 2
A14: Source: scripts/game_logic.py LEVEL_GROWTH / DEFAULT_LEVEL_GROWTH. Speed: +1 on every level divisible by SPEED_GROWTH_EVERY.
